PrivateOrNot,AnonymousOrNot,TotalTime,Usertime,Systime,Maxrss,Minfaults,Majfaults,Inblock,Outblock,VolCSW,InvolCSV,Filesize,ProcessorCore
Shared,FileBacked,30.267, 2.812,27.456,1050424,262482,0,0,2097168,28645,81,1073741824,0
Shared,FileBacked,26.673, 2.586,24.087,1050456,262482,0,0,2097160,27883,66,1073741824,0
Shared,FileBacked,28.728, 2.565,26.163,1050484,262482,0,0,2097160,28711,69,1073741824,0
Shared,FileBacked,32.359, 3.004,29.355,1050456,262480,0,0,2097152,28340,81,1073741824,0
Shared,FileBacked,29.850, 2.634,27.216,1050484,262481,0,0,2097152,28152,82,1073741824,0
Private,FileBacked, 5.192, 1.156, 4.036,1050468,254069,8418,1699920,0,9297,11,1073741824,0
Private,FileBacked, 4.386, 1.212, 3.174,1050284,256185,6299,1109896,0,6881,12,1073741824,0
Private,FileBacked, 3.345, 0.983, 2.362,1050420,256993,5493,914960,0,6095,7,1073741824,0
Private,FileBacked, 3.394, 0.886, 2.508,1050408,255942,6544,1124408,0,7233,6,1073741824,0
Private,FileBacked, 3.190, 0.837, 2.353,1050456,257469,5017,865648,0,5467,7,1073741824,0
Shared,Anonymous, 1.909, 0.660, 1.249,1050340,262480,0,0,0,0,3,1073741824,0
Shared,Anonymous, 1.998, 0.715, 1.283,1050468,262479,4,400,0,4,2,1073741824,0
Shared,Anonymous, 1.956, 0.713, 1.244,1050464,262483,2,344,0,2,2,1073741824,0
Shared,Anonymous, 1.942, 0.774, 1.168,1050508,262482,4,400,0,4,2,1073741824,0
Shared,Anonymous, 2.004, 0.743, 1.261,1050528,262483,2,344,0,2,3,1073741824,0
Private,Anonymous, 0.470, 0.139, 0.331,1050368,51949,4,400,0,4,3,1073741824,0
Private,Anonymous, 0.466, 0.157, 0.309,1050352,51440,2,344,0,2,1,1073741824,0
Private,Anonymous, 0.444, 0.173, 0.271,1050272,50928,4,400,0,6,1,1073741824,0
Private,Anonymous, 0.450, 0.147, 0.303,1050480,51951,2,344,0,2,0,1073741824,0
Private,Anonymous, 0.458, 0.160, 0.299,1050424,51952,4,400,0,4,0,1073741824,0
